platform,tactic,impression,clicks,spend,attributed revenue,ROAS,CTR
Facebook,ASC,114459312,1715079,1146099.8,3200408.18,2.792434114376427,1.4984180579383528
Facebook,Prospecting,104162638,1243499,1023873.11,2456972.01,2.3996840878065444,1.1938052106552832
Google,Display,21963777,87284,145416.38,232587.2,1.5994566774389516,0.3973997732721471
Google,Non-Branded Search,229540048,10353780,1496116.48,4786368.18,3.19919487819558,4.510663864634202
TikTok,Retargeting,123462369,1973486,1002785.4,3030780.37,3.0223618832105057,1.598451427738277
TikTok,Spark Ads,56375572,728299,444012.89,1066478.71,2.4019093454696776,1.2918698190769577
